{"cameraMode":{"drawMode":0,"name":"Shaded","section":"Shading Mode"},"sceneLighting":true,"audioPlay":false,"sceneViewState":{"m_AlwaysRefresh":false,"showFog":true,"showSkybox":true,"showFlares":true,"showImageEffects":true,"showParticleSystems":true,"showVisualEffectGraphs":true,"m_FxEnabled":true},"in2DMode":false,"pivot":{"x":-107.58042907714844,"y":-16.088794708251954,"z":179.47134399414063},"rotation":{"x":-0.05075027048587799,"y":0.46287843585014346,"z":-0.026556776836514474,"w":-0.8845739364624023},"size":82.33077239990235,"orthographic":false}